Outbreak Date,mammals,birds,livestock,flocks,total_cases,total_cases_7d_avg
2022-01-12,0.0,2.0,0.0,0.0,2.0,
2022-01-13,0.0,2.0,0.0,0.0,2.0,
2022-01-14,0.0,0.0,0.0,0.0,0.0,
2022-01-15,0.0,0.0,0.0,0.0,0.0,
2022-01-16,0.0,2.0,0.0,0.0,2.0,
2022-01-17,0.0,0.0,0.0,0.0,0.0,
2022-01-18,0.0,0.0,0.0,0.0,0.0,0.8571428571428571
2022-01-19,0.0,0.0,0.0,0.0,0.0,0.5714285714285714
2022-01-20,0.0,37.0,0.0,0.0,37.0,5.571428571428571
2022-01-21,0.0,0.0,0.0,0.0,0.0,5.571428571428571
2022-01-22,0.0,0.0,0.0,0.0,0.0,5.571428571428571
2022-01-23,0.0,0.0,0.0,0.0,0.0,5.285714285714286
2022-01-24,0.0,0.0,0.0,0.0,0.0,5.285714285714286
2022-01-25,0.0,0.0,0.0,0.0,0.0,5.285714285714286
2022-01-26,0.0,37.0,0.0,0.0,37.0,10.571428571428571
2022-01-27,0.0,0.0,0.0,0.0,0.0,5.285714285714286
2022-01-28,0.0,0.0,0.0,0.0,0.0,5.285714285714286
2022-01-29,0.0,0.0,0.0,0.0,0.0,5.285714285714286
2022-01-30,0.0,0.0,0.0,0.0,0.0,5.285714285714286
2022-01-31,0.0,0.0,0.0,0.0,0.0,5.285714285714286
2022-02-01,0.0,10.0,0.0,0.0,10.0,6.714285714285714
2022-02-02,0.0,1.0,0.0,0.0,1.0,1.5714285714285714
2022-02-03,0.0,0.0,0.0,0.0,0.0,1.5714285714285714
2022-02-04,0.0,0.0,0.0,0.0,0.0,1.5714285714285714
2022-02-05,0.0,0.0,0.0,0.0,0.0,1.5714285714285714
2022-02-06,0.0,0.0,0.0,0.0,0.0,1.5714285714285714
2022-02-07,0.0,0.0,0.0,0.0,0.0,1.5714285714285714
2022-02-08,0.0,25.0,0.0,1.0,26.0,3.857142857142857
2022-02-09,0.0,23.0,0.0,0.0,23.0,7.0
2022-02-10,0.0,0.0,0.0,0.0,0.0,7.0
2022-02-11,0.0,1.0,0.0,0.0,1.0,7.142857142857143
2022-02-12,0.0,0.0,0.0,2.0,2.0,7.428571428571429
2022-02-13,0.0,0.0,0.0,0.0,0.0,7.428571428571429
2022-02-14,0.0,0.0,0.0,0.0,0.0,7.428571428571429
2022-02-15,0.0,0.0,0.0,1.0,1.0,3.857142857142857
2022-02-16,0.0,109.0,0.0,1.0,110.0,16.285714285714285
2022-02-17,0.0,6.0,0.0,0.0,6.0,17.142857142857142
2022-02-18,0.0,4.0,0.0,1.0,5.0,17.714285714285715
2022-02-19,0.0,0.0,0.0,1.0,1.0,17.571428571428573
2022-02-20,0.0,0.0,0.0,0.0,0.0,17.571428571428573
2022-02-21,0.0,0.0,0.0,0.0,0.0,17.571428571428573
2022-02-22,0.0,0.0,0.0,1.0,1.0,17.571428571428573
2022-02-23,0.0,45.0,0.0,4.0,49.0,8.857142857142858
2022-02-24,0.0,1.0,0.0,3.0,4.0,8.571428571428571
2022-02-25,0.0,0.0,0.0,0.0,0.0,7.857142857142857
2022-02-26,0.0,6.0,0.0,0.0,6.0,8.571428571428571
2022-02-27,0.0,0.0,0.0,0.0,0.0,8.571428571428571
2022-02-28,0.0,0.0,0.0,0.0,0.0,8.571428571428571
2022-03-01,0.0,6.0,0.0,2.0,8.0,9.571428571428571
2022-03-02,0.0,6.0,0.0,1.0,7.0,3.5714285714285716
2022-03-03,0.0,0.0,0.0,0.0,0.0,3.0
2022-03-04,0.0,14.0,0.0,3.0,17.0,5.428571428571429
2022-03-05,0.0,0.0,0.0,1.0,1.0,4.714285714285714
2022-03-06,0.0,1.0,0.0,1.0,2.0,5.0
2022-03-07,0.0,0.0,0.0,0.0,0.0,5.0
2022-03-08,0.0,35.0,0.0,3.0,38.0,9.285714285714286
2022-03-09,0.0,17.0,0.0,1.0,18.0,10.857142857142858
2022-03-10,0.0,5.0,0.0,2.0,7.0,11.857142857142858
2022-03-11,0.0,7.0,0.0,2.0,9.0,10.714285714285714
2022-03-12,0.0,0.0,0.0,2.0,2.0,10.857142857142858
2022-03-13,0.0,0.0,0.0,0.0,0.0,10.571428571428571
2022-03-14,0.0,4.0,0.0,2.0,6.0,11.428571428571429
2022-03-15,0.0,7.0,0.0,2.0,9.0,7.285714285714286
2022-03-16,0.0,27.0,0.0,1.0,28.0,8.714285714285714
2022-03-17,0.0,0.0,0.0,4.0,4.0,8.285714285714286
2022-03-18,0.0,43.0,0.0,4.0,47.0,13.714285714285714
2022-03-19,0.0,0.0,0.0,2.0,2.0,13.714285714285714
2022-03-20,0.0,0.0,0.0,2.0,2.0,14.0
2022-03-21,0.0,3.0,0.0,0.0,3.0,13.571428571428571
2022-03-22,0.0,21.0,0.0,5.0,26.0,16.0
2022-03-23,0.0,0.0,0.0,4.0,4.0,12.571428571428571
2022-03-24,0.0,34.0,0.0,4.0,38.0,17.428571428571427
2022-03-25,0.0,3.0,0.0,4.0,7.0,11.714285714285714
2022-03-26,0.0,0.0,0.0,7.0,7.0,12.428571428571429
2022-03-27,0.0,2.0,0.0,3.0,5.0,12.857142857142858
2022-03-28,0.0,44.0,0.0,2.0,46.0,19.0
2022-03-29,0.0,14.0,0.0,12.0,26.0,19.0
2022-03-30,0.0,49.0,0.0,4.0,53.0,26.0
2022-03-31,0.0,61.0,0.0,7.0,68.0,30.285714285714285
2022-04-01,0.0,17.0,0.0,6.0,23.0,32.57142857142857
2022-04-02,0.0,0.0,0.0,9.0,9.0,32.857142857142854
2022-04-03,0.0,0.0,0.0,3.0,3.0,32.57142857142857
2022-04-04,0.0,0.0,0.0,8.0,8.0,27.142857142857142
2022-04-05,0.0,22.0,0.0,18.0,40.0,29.142857142857142
2022-04-06,0.0,32.0,0.0,7.0,39.0,27.142857142857142
2022-04-07,0.0,11.0,0.0,5.0,16.0,19.714285714285715
2022-04-08,0.0,18.0,0.0,7.0,25.0,20.0
2022-04-09,0.0,0.0,0.0,4.0,4.0,19.285714285714285
2022-04-10,0.0,0.0,0.0,0.0,0.0,18.857142857142858
2022-04-11,0.0,0.0,0.0,1.0,1.0,17.857142857142858
2022-04-12,0.0,67.0,0.0,11.0,78.0,23.285714285714285
2022-04-13,0.0,0.0,0.0,8.0,8.0,18.857142857142858
2022-04-14,0.0,62.0,0.0,8.0,70.0,26.571428571428573
2022-04-15,0.0,56.0,0.0,5.0,61.0,31.714285714285715
2022-04-16,0.0,0.0,0.0,1.0,1.0,31.285714285714285
2022-04-17,0.0,0.0,0.0,0.0,0.0,31.285714285714285
2022-04-18,0.0,10.0,0.0,0.0,10.0,32.57142857142857
2022-04-19,0.0,77.0,0.0,12.0,89.0,34.142857142857146
2022-04-20,0.0,35.0,0.0,9.0,44.0,39.285714285714285
2022-04-21,0.0,33.0,0.0,6.0,39.0,34.857142857142854
2022-04-22,0.0,2.0,0.0,4.0,6.0,27.0
2022-04-23,0.0,0.0,0.0,1.0,1.0,27.0
2022-04-24,0.0,0.0,0.0,0.0,0.0,27.0
2022-04-25,0.0,2.0,0.0,4.0,6.0,26.428571428571427
2022-04-26,0.0,69.0,0.0,4.0,73.0,24.142857142857142
2022-04-27,0.0,1.0,0.0,4.0,5.0,18.571428571428573
2022-04-28,0.0,42.0,0.0,6.0,48.0,19.857142857142858
2022-04-29,0.0,30.0,0.0,10.0,40.0,24.714285714285715
2022-04-30,0.0,0.0,0.0,5.0,5.0,25.285714285714285
2022-05-01,0.0,0.0,0.0,0.0,0.0,25.285714285714285
2022-05-02,0.0,36.0,0.0,0.0,36.0,29.571428571428573
2022-05-03,0.0,43.0,0.0,11.0,54.0,26.857142857142858
2022-05-04,0.0,26.0,0.0,4.0,30.0,30.428571428571427
2022-05-05,2.0,80.0,0.0,3.0,85.0,35.714285714285715
2022-05-06,3.0,51.0,0.0,3.0,57.0,38.142857142857146
2022-05-07,0.0,0.0,0.0,2.0,2.0,37.714285714285715
2022-05-08,0.0,0.0,0.0,0.0,0.0,37.714285714285715
2022-05-09,0.0,29.0,0.0,1.0,30.0,36.857142857142854
2022-05-10,1.0,6.0,0.0,8.0,15.0,31.285714285714285
2022-05-11,5.0,7.0,0.0,6.0,18.0,29.571428571428573
2022-05-12,4.0,59.0,0.0,5.0,68.0,27.142857142857142
2022-05-13,7.0,62.0,0.0,6.0,75.0,29.714285714285715
2022-05-14,0.0,0.0,0.0,1.0,1.0,29.571428571428573
2022-05-15,0.0,0.0,0.0,0.0,0.0,29.571428571428573
2022-05-16,5.0,12.0,0.0,1.0,18.0,27.857142857142858
2022-05-17,0.0,40.0,0.0,12.0,52.0,33.142857142857146
2022-05-18,1.0,24.0,0.0,7.0,32.0,35.142857142857146
2022-05-19,1.0,37.0,0.0,6.0,44.0,31.714285714285715
2022-05-20,0.0,39.0,0.0,4.0,43.0,27.142857142857142
2022-05-21,0.0,0.0,0.0,1.0,1.0,27.142857142857142
2022-05-22,0.0,0.0,0.0,0.0,0.0,27.142857142857142
2022-05-23,0.0,24.0,0.0,2.0,26.0,28.285714285714285
2022-05-24,2.0,6.0,0.0,3.0,11.0,22.428571428571427
2022-05-25,1.0,17.0,0.0,1.0,19.0,20.571428571428573
2022-05-26,0.0,22.0,0.0,0.0,22.0,17.428571428571427
2022-05-27,3.0,19.0,0.0,1.0,23.0,14.571428571428571
2022-05-28,0.0,0.0,0.0,0.0,0.0,14.428571428571429
2022-05-29,0.0,0.0,0.0,0.0,0.0,14.428571428571429
2022-05-30,0.0,0.0,0.0,0.0,0.0,10.714285714285714
2022-05-31,2.0,28.0,0.0,1.0,31.0,13.571428571428571
2022-06-01,0.0,15.0,0.0,1.0,16.0,13.142857142857142
2022-06-02,2.0,18.0,0.0,2.0,22.0,13.142857142857142
2022-06-03,1.0,20.0,0.0,0.0,21.0,12.857142857142858
2022-06-04,0.0,0.0,0.0,0.0,0.0,12.857142857142858
2022-06-05,0.0,0.0,0.0,0.0,0.0,12.857142857142858
2022-06-06,0.0,0.0,0.0,1.0,1.0,13.0
2022-06-07,1.0,17.0,0.0,3.0,21.0,11.571428571428571
2022-06-08,2.0,32.0,0.0,1.0,35.0,14.285714285714286
2022-06-09,4.0,10.0,0.0,5.0,19.0,13.857142857142858
2022-06-10,0.0,27.0,0.0,0.0,27.0,14.714285714285714
2022-06-11,0.0,0.0,0.0,0.0,0.0,14.714285714285714
2022-06-12,0.0,0.0,0.0,0.0,0.0,14.714285714285714
2022-06-13,0.0,0.0,0.0,1.0,1.0,14.714285714285714
2022-06-14,4.0,29.0,0.0,1.0,34.0,16.571428571428573
2022-06-15,0.0,13.0,0.0,0.0,13.0,13.428571428571429
2022-06-16,0.0,11.0,0.0,0.0,11.0,12.285714285714286
2022-06-17,4.0,9.0,0.0,0.0,13.0,10.285714285714286
2022-06-18,0.0,0.0,0.0,0.0,0.0,10.285714285714286
2022-06-19,0.0,0.0,0.0,0.0,0.0,10.285714285714286
2022-06-20,0.0,0.0,0.0,0.0,0.0,10.142857142857142
2022-06-21,1.0,6.0,0.0,0.0,7.0,6.285714285714286
2022-06-22,2.0,6.0,0.0,4.0,12.0,6.142857142857143
2022-06-23,0.0,0.0,0.0,0.0,0.0,4.571428571428571
2022-06-24,2.0,26.0,0.0,1.0,29.0,6.857142857142857
2022-06-25,0.0,0.0,0.0,0.0,0.0,6.857142857142857
2022-06-26,0.0,0.0,0.0,0.0,0.0,6.857142857142857
2022-06-27,0.0,0.0,0.0,0.0,0.0,6.857142857142857
2022-06-28,0.0,5.0,0.0,0.0,5.0,6.571428571428571
2022-06-29,1.0,12.0,0.0,2.0,15.0,7.0
2022-06-30,0.0,0.0,0.0,0.0,0.0,7.0
2022-07-01,4.0,0.0,0.0,3.0,7.0,3.857142857142857
2022-07-02,0.0,0.0,0.0,0.0,0.0,3.857142857142857
2022-07-03,0.0,0.0,0.0,0.0,0.0,3.857142857142857
2022-07-04,0.0,0.0,0.0,0.0,0.0,3.857142857142857
2022-07-05,0.0,0.0,0.0,0.0,0.0,3.142857142857143
2022-07-06,1.0,36.0,0.0,2.0,39.0,6.571428571428571
2022-07-07,1.0,9.0,0.0,1.0,11.0,8.142857142857142
2022-07-08,0.0,5.0,0.0,0.0,5.0,7.857142857142857
2022-07-09,0.0,0.0,0.0,0.0,0.0,7.857142857142857
2022-07-10,0.0,0.0,0.0,0.0,0.0,7.857142857142857
2022-07-11,6.0,26.0,0.0,0.0,32.0,12.428571428571429
2022-07-12,0.0,3.0,0.0,1.0,4.0,13.0
2022-07-13,0.0,3.0,0.0,0.0,3.0,7.857142857142857
2022-07-14,0.0,12.0,0.0,1.0,13.0,8.142857142857142
2022-07-15,0.0,11.0,0.0,1.0,12.0,9.142857142857142
2022-07-16,0.0,0.0,0.0,0.0,0.0,9.142857142857142
2022-07-17,0.0,0.0,0.0,0.0,0.0,9.142857142857142
2022-07-18,1.0,14.0,0.0,0.0,15.0,6.714285714285714
2022-07-19,0.0,2.0,0.0,3.0,5.0,6.857142857142857
2022-07-20,0.0,5.0,0.0,0.0,5.0,7.142857142857143
2022-07-21,0.0,7.0,0.0,2.0,9.0,6.571428571428571
2022-07-22,0.0,2.0,0.0,2.0,4.0,5.428571428571429
2022-07-23,0.0,0.0,0.0,0.0,0.0,5.428571428571429
2022-07-24,0.0,0.0,0.0,0.0,0.0,5.428571428571429
2022-07-25,6.0,33.0,0.0,0.0,39.0,8.857142857142858
2022-07-26,0.0,0.0,0.0,3.0,3.0,8.571428571428571
2022-07-27,0.0,5.0,0.0,0.0,5.0,8.571428571428571
2022-07-28,0.0,10.0,0.0,1.0,11.0,8.857142857142858
2022-07-29,0.0,7.0,0.0,0.0,7.0,9.285714285714286
2022-07-30,0.0,0.0,0.0,0.0,0.0,9.285714285714286
2022-07-31,0.0,0.0,0.0,0.0,0.0,9.285714285714286
2022-08-01,0.0,7.0,0.0,0.0,7.0,4.714285714285714
2022-08-02,0.0,0.0,0.0,1.0,1.0,4.428571428571429
2022-08-03,1.0,15.0,0.0,0.0,16.0,6.0
2022-08-04,0.0,0.0,0.0,0.0,0.0,4.428571428571429
2022-08-05,0.0,10.0,0.0,0.0,10.0,4.857142857142857
2022-08-06,0.0,0.0,0.0,0.0,0.0,4.857142857142857
2022-08-07,0.0,0.0,0.0,0.0,0.0,4.857142857142857
2022-08-08,0.0,2.0,0.0,0.0,2.0,4.142857142857143
2022-08-09,0.0,9.0,0.0,0.0,9.0,5.285714285714286
2022-08-10,0.0,0.0,0.0,1.0,1.0,3.142857142857143
2022-08-11,0.0,32.0,0.0,1.0,33.0,7.857142857142857
2022-08-12,0.0,1.0,0.0,0.0,1.0,6.571428571428571
2022-08-13,0.0,0.0,0.0,0.0,0.0,6.571428571428571
2022-08-14,0.0,0.0,0.0,0.0,0.0,6.571428571428571
2022-08-15,1.0,32.0,0.0,0.0,33.0,11.0
2022-08-16,0.0,1.0,0.0,2.0,3.0,10.142857142857142
2022-08-17,1.0,10.0,0.0,0.0,11.0,11.571428571428571
2022-08-18,0.0,13.0,0.0,1.0,14.0,8.857142857142858
2022-08-19,0.0,0.0,0.0,1.0,1.0,8.857142857142858
2022-08-20,0.0,0.0,0.0,0.0,0.0,8.857142857142858
2022-08-21,0.0,0.0,0.0,0.0,0.0,8.857142857142858
2022-08-22,0.0,16.0,0.0,2.0,18.0,6.714285714285714
2022-08-23,0.0,3.0,0.0,1.0,4.0,6.857142857142857
2022-08-24,0.0,8.0,0.0,1.0,9.0,6.571428571428571
2022-08-25,0.0,0.0,0.0,1.0,1.0,4.714285714285714
2022-08-26,0.0,8.0,0.0,3.0,11.0,6.142857142857143
2022-08-27,0.0,0.0,0.0,0.0,0.0,6.142857142857143
2022-08-28,0.0,0.0,0.0,0.0,0.0,6.142857142857143
2022-08-29,0.0,18.0,0.0,1.0,19.0,6.285714285714286
2022-08-30,0.0,10.0,0.0,5.0,15.0,7.857142857142857
2022-08-31,0.0,1.0,0.0,0.0,1.0,6.714285714285714
2022-09-01,0.0,50.0,0.0,6.0,56.0,14.571428571428571
2022-09-02,0.0,20.0,0.0,1.0,21.0,16.0
2022-09-03,0.0,0.0,0.0,2.0,2.0,16.285714285714285
2022-09-04,0.0,0.0,0.0,0.0,0.0,16.285714285714285
2022-09-05,0.0,0.0,0.0,0.0,0.0,13.571428571428571
2022-09-06,0.0,0.0,0.0,0.0,0.0,11.428571428571429
2022-09-07,0.0,0.0,0.0,1.0,1.0,11.428571428571429
2022-09-08,0.0,46.0,0.0,1.0,47.0,10.142857142857142
2022-09-09,0.0,26.0,0.0,3.0,29.0,11.285714285714286
2022-09-10,0.0,0.0,0.0,0.0,0.0,11.0
2022-09-11,0.0,0.0,0.0,0.0,0.0,11.0
2022-09-12,0.0,0.0,0.0,1.0,1.0,11.142857142857142
2022-09-13,0.0,129.0,0.0,5.0,134.0,30.285714285714285
2022-09-14,0.0,0.0,0.0,5.0,5.0,30.857142857142858
2022-09-15,0.0,68.0,0.0,5.0,73.0,34.57142857142857
2022-09-16,0.0,27.0,0.0,1.0,28.0,34.42857142857143
2022-09-17,0.0,0.0,0.0,0.0,0.0,34.42857142857143
2022-09-18,0.0,0.0,0.0,0.0,0.0,34.42857142857143
2022-09-19,0.0,30.0,0.0,2.0,32.0,38.857142857142854
2022-09-20,0.0,39.0,0.0,7.0,46.0,26.285714285714285
2022-09-21,0.0,17.0,0.0,5.0,22.0,28.714285714285715
2022-09-22,0.0,0.0,0.0,4.0,4.0,18.857142857142858
2022-09-23,0.0,132.0,0.0,1.0,133.0,33.857142857142854
2022-09-24,0.0,0.0,0.0,4.0,4.0,34.42857142857143
2022-09-25,0.0,0.0,0.0,0.0,0.0,34.42857142857143
2022-09-26,0.0,0.0,0.0,0.0,0.0,29.857142857142858
2022-09-27,1.0,0.0,0.0,4.0,5.0,24.0
2022-09-28,0.0,49.0,0.0,4.0,53.0,28.428571428571427
2022-09-29,0.0,36.0,0.0,6.0,42.0,33.857142857142854
2022-09-30,0.0,49.0,0.0,2.0,51.0,22.142857142857142
2022-10-01,0.0,0.0,0.0,0.0,0.0,21.571428571428573
2022-10-02,0.0,0.0,0.0,0.0,0.0,21.571428571428573
2022-10-03,0.0,60.0,0.0,5.0,65.0,30.857142857142858
2022-10-04,0.0,25.0,0.0,6.0,31.0,34.57142857142857
2022-10-05,0.0,0.0,0.0,6.0,6.0,27.857142857142858
2022-10-06,4.0,10.0,0.0,3.0,17.0,24.285714285714285
2022-10-07,0.0,81.0,0.0,8.0,89.0,29.714285714285715
2022-10-08,0.0,0.0,0.0,0.0,0.0,29.714285714285715
2022-10-09,0.0,0.0,0.0,0.0,0.0,29.714285714285715
2022-10-10,0.0,1.0,0.0,0.0,1.0,20.571428571428573
2022-10-11,0.0,19.0,0.0,6.0,25.0,19.714285714285715
2022-10-12,0.0,20.0,0.0,6.0,26.0,22.571428571428573
2022-10-13,0.0,28.0,0.0,4.0,32.0,24.714285714285715
2022-10-14,0.0,0.0,0.0,6.0,6.0,12.857142857142858
2022-10-15,0.0,0.0,0.0,0.0,0.0,12.857142857142858
2022-10-16,0.0,0.0,0.0,0.0,0.0,12.857142857142858
2022-10-17,0.0,34.0,0.0,2.0,36.0,17.857142857142858
2022-10-18,0.0,0.0,0.0,7.0,7.0,15.285714285714286
2022-10-19,0.0,43.0,0.0,4.0,47.0,18.285714285714285
2022-10-20,0.0,1.0,0.0,10.0,11.0,15.285714285714286
2022-10-21,0.0,12.0,0.0,3.0,15.0,16.571428571428573
2022-10-22,0.0,0.0,0.0,2.0,2.0,16.857142857142858
2022-10-23,0.0,0.0,0.0,0.0,0.0,16.857142857142858
2022-10-24,0.0,0.0,0.0,0.0,0.0,11.714285714285714
2022-10-25,0.0,375.0,0.0,7.0,382.0,65.28571428571429
2022-10-26,1.0,16.0,0.0,2.0,19.0,61.285714285714285
2022-10-27,1.0,54.0,0.0,2.0,57.0,67.85714285714286
2022-10-28,1.0,80.0,0.0,1.0,82.0,77.42857142857143
2022-10-29,0.0,0.0,0.0,0.0,0.0,77.14285714285714
2022-10-30,0.0,0.0,0.0,0.0,0.0,77.14285714285714
2022-10-31,0.0,73.0,0.0,3.0,76.0,88.0
2022-11-01,0.0,53.0,0.0,5.0,58.0,41.714285714285715
2022-11-02,0.0,4.0,0.0,4.0,8.0,40.142857142857146
2022-11-03,1.0,71.0,0.0,9.0,81.0,43.57142857142857
2022-11-04,0.0,5.0,0.0,4.0,9.0,33.142857142857146
2022-11-05,0.0,0.0,0.0,0.0,0.0,33.142857142857146
2022-11-06,0.0,0.0,0.0,1.0,1.0,33.285714285714285
2022-11-07,0.0,14.0,0.0,4.0,18.0,25.0
2022-11-08,0.0,30.0,0.0,4.0,34.0,21.571428571428573
2022-11-09,0.0,55.0,0.0,0.0,55.0,28.285714285714285
2022-11-10,1.0,34.0,0.0,5.0,40.0,22.428571428571427
2022-11-11,0.0,0.0,0.0,0.0,0.0,21.142857142857142
2022-11-12,0.0,0.0,0.0,1.0,1.0,21.285714285714285
2022-11-13,0.0,0.0,0.0,0.0,0.0,21.142857142857142
2022-11-14,0.0,17.0,0.0,1.0,18.0,21.142857142857142
2022-11-15,0.0,26.0,0.0,3.0,29.0,20.428571428571427
2022-11-16,1.0,89.0,0.0,3.0,93.0,25.857142857142858
2022-11-17,0.0,39.0,0.0,2.0,41.0,26.0
2022-11-18,0.0,98.0,0.0,2.0,100.0,40.285714285714285
2022-11-19,0.0,0.0,0.0,0.0,0.0,40.142857142857146
2022-11-20,0.0,0.0,0.0,0.0,0.0,40.142857142857146
2022-11-21,5.0,148.0,0.0,2.0,155.0,59.714285714285715
2022-11-22,0.0,39.0,0.0,2.0,41.0,61.42857142857143
2022-11-23,0.0,6.0,0.0,6.0,12.0,49.857142857142854
2022-11-24,0.0,0.0,0.0,0.0,0.0,44.0
2022-11-25,0.0,49.0,0.0,7.0,56.0,37.714285714285715
2022-11-26,0.0,0.0,0.0,0.0,0.0,37.714285714285715
2022-11-27,0.0,0.0,0.0,0.0,0.0,37.714285714285715
2022-11-28,0.0,38.0,0.0,2.0,40.0,21.285714285714285
2022-11-29,0.0,11.0,0.0,3.0,14.0,17.428571428571427
2022-11-30,0.0,0.0,0.0,3.0,3.0,16.142857142857142
2022-12-01,0.0,15.0,0.0,4.0,19.0,18.857142857142858
2022-12-02,1.0,36.0,0.0,3.0,40.0,16.571428571428573
2022-12-03,0.0,0.0,0.0,0.0,0.0,16.571428571428573
2022-12-04,0.0,0.0,0.0,0.0,0.0,16.571428571428573
2022-12-05,0.0,39.0,0.0,4.0,43.0,17.0
2022-12-06,2.0,86.0,0.0,5.0,93.0,28.285714285714285
2022-12-07,0.0,28.0,0.0,3.0,31.0,32.285714285714285
2022-12-08,4.0,66.0,0.0,3.0,73.0,40.0
2022-12-09,0.0,72.0,0.0,5.0,77.0,45.285714285714285
2022-12-10,0.0,0.0,0.0,0.0,0.0,45.285714285714285
2022-12-11,0.0,0.0,0.0,0.0,0.0,45.285714285714285
2022-12-12,0.0,64.0,0.0,6.0,70.0,49.142857142857146
2022-12-13,0.0,45.0,0.0,3.0,48.0,42.714285714285715
2022-12-14,0.0,0.0,0.0,6.0,6.0,39.142857142857146
2022-12-15,0.0,58.0,0.0,1.0,59.0,37.142857142857146
2022-12-16,2.0,74.0,0.0,4.0,80.0,37.57142857142857
2022-12-17,0.0,9.0,0.0,0.0,9.0,38.857142857142854
2022-12-18,0.0,0.0,0.0,0.0,0.0,38.857142857142854
2022-12-19,0.0,1.0,0.0,1.0,2.0,29.142857142857142
2022-12-20,2.0,100.0,0.0,3.0,105.0,37.285714285714285
2022-12-21,0.0,10.0,0.0,4.0,14.0,38.42857142857143
2022-12-22,0.0,58.0,0.0,1.0,59.0,38.42857142857143
2022-12-23,1.0,0.0,0.0,0.0,1.0,27.142857142857142
2022-12-24,0.0,0.0,0.0,0.0,0.0,25.857142857142858
2022-12-25,0.0,0.0,0.0,0.0,0.0,25.857142857142858
2022-12-26,0.0,0.0,0.0,0.0,0.0,25.571428571428573
2022-12-27,0.0,34.0,0.0,0.0,34.0,15.428571428571429
2022-12-28,0.0,0.0,0.0,3.0,3.0,13.857142857142858
2022-12-29,0.0,17.0,0.0,1.0,18.0,8.0
2022-12-30,0.0,24.0,0.0,2.0,26.0,11.571428571428571
2022-12-31,0.0,0.0,0.0,0.0,0.0,11.571428571428571
2023-01-01,0.0,0.0,0.0,0.0,0.0,11.571428571428571
2023-01-02,0.0,0.0,0.0,0.0,0.0,11.571428571428571
2023-01-03,4.0,18.0,0.0,0.0,22.0,9.857142857142858
2023-01-04,0.0,88.0,0.0,3.0,91.0,22.428571428571427
2023-01-05,0.0,18.0,0.0,1.0,19.0,22.571428571428573
2023-01-06,0.0,0.0,0.0,2.0,2.0,19.142857142857142
2023-01-07,0.0,0.0,0.0,0.0,0.0,19.142857142857142
2023-01-08,0.0,0.0,0.0,0.0,0.0,19.142857142857142
2023-01-09,1.0,62.0,0.0,4.0,67.0,28.714285714285715
2023-01-10,0.0,34.0,0.0,1.0,35.0,30.571428571428573
2023-01-11,0.0,1.0,0.0,1.0,2.0,17.857142857142858
2023-01-12,0.0,42.0,0.0,1.0,43.0,21.285714285714285
2023-01-13,1.0,52.0,0.0,0.0,53.0,28.571428571428573
2023-01-14,0.0,0.0,0.0,0.0,0.0,28.571428571428573
2023-01-15,0.0,0.0,0.0,0.0,0.0,28.571428571428573
2023-01-16,0.0,0.0,0.0,0.0,0.0,19.0
2023-01-17,0.0,3.0,0.0,1.0,4.0,14.571428571428571
2023-01-18,0.0,81.0,0.0,2.0,83.0,26.142857142857142
2023-01-19,0.0,7.0,0.0,3.0,10.0,21.428571428571427
2023-01-20,1.0,19.0,0.0,2.0,22.0,17.0
2023-01-21,0.0,0.0,0.0,0.0,0.0,17.0
2023-01-22,0.0,0.0,0.0,0.0,0.0,17.0
2023-01-23,2.0,2.0,0.0,1.0,5.0,17.714285714285715
2023-01-24,1.0,21.0,0.0,0.0,22.0,20.285714285714285
2023-01-25,0.0,0.0,0.0,5.0,5.0,9.142857142857142
2023-01-26,0.0,39.0,0.0,0.0,39.0,13.285714285714286
2023-01-27,2.0,33.0,0.0,1.0,36.0,15.285714285714286
2023-01-28,0.0,0.0,0.0,0.0,0.0,15.285714285714286
2023-01-29,0.0,0.0,0.0,0.0,0.0,15.285714285714286
2023-01-30,0.0,2.0,0.0,0.0,2.0,14.857142857142858
2023-01-31,0.0,48.0,0.0,0.0,48.0,18.571428571428573
2023-02-01,2.0,7.0,0.0,2.0,11.0,19.428571428571427
2023-02-02,0.0,0.0,0.0,0.0,0.0,13.857142857142858
2023-02-03,0.0,6.0,0.0,0.0,6.0,9.571428571428571
2023-02-04,0.0,0.0,0.0,0.0,0.0,9.571428571428571
2023-02-05,0.0,0.0,0.0,0.0,0.0,9.571428571428571
2023-02-06,1.0,4.0,0.0,6.0,11.0,10.857142857142858
2023-02-07,0.0,0.0,0.0,2.0,2.0,4.285714285714286
2023-02-08,2.0,26.0,0.0,2.0,30.0,7.0
2023-02-09,0.0,1.0,0.0,0.0,1.0,7.142857142857143
2023-02-10,4.0,32.0,0.0,0.0,36.0,11.428571428571429
2023-02-11,0.0,0.0,0.0,0.0,0.0,11.428571428571429
2023-02-12,0.0,0.0,0.0,0.0,0.0,11.428571428571429
2023-02-13,0.0,8.0,0.0,2.0,10.0,11.285714285714286
2023-02-14,2.0,42.0,0.0,2.0,46.0,17.571428571428573
2023-02-15,0.0,7.0,0.0,1.0,8.0,14.428571428571429
2023-02-16,0.0,4.0,0.0,0.0,4.0,14.857142857142858
2023-02-17,0.0,32.0,0.0,3.0,35.0,14.714285714285714
2023-02-18,0.0,0.0,0.0,0.0,0.0,14.714285714285714
2023-02-19,0.0,0.0,0.0,0.0,0.0,14.714285714285714
2023-02-20,0.0,0.0,0.0,0.0,0.0,13.285714285714286
2023-02-21,0.0,0.0,0.0,2.0,2.0,7.0
2023-02-22,1.0,13.0,0.0,1.0,15.0,8.0
2023-02-23,3.0,9.0,0.0,3.0,15.0,9.571428571428571
2023-02-24,0.0,19.0,0.0,3.0,22.0,7.714285714285714
2023-02-25,0.0,0.0,0.0,0.0,0.0,7.714285714285714
2023-02-26,0.0,0.0,0.0,0.0,0.0,7.714285714285714
2023-02-27,0.0,12.0,0.0,1.0,13.0,9.571428571428571
2023-02-28,5.0,9.0,0.0,1.0,15.0,11.428571428571429
2023-03-01,0.0,6.0,0.0,0.0,6.0,10.142857142857142
2023-03-02,3.0,9.0,0.0,0.0,12.0,9.714285714285714
2023-03-03,1.0,0.0,0.0,2.0,3.0,7.0
2023-03-04,0.0,0.0,0.0,5.0,5.0,7.714285714285714
2023-03-05,0.0,0.0,0.0,0.0,0.0,7.714285714285714
2023-03-06,0.0,3.0,0.0,5.0,8.0,7.0
2023-03-07,0.0,2.0,0.0,1.0,3.0,5.285714285714286
2023-03-08,2.0,6.0,0.0,0.0,8.0,5.571428571428571
2023-03-09,0.0,1.0,0.0,0.0,1.0,4.0
2023-03-10,0.0,7.0,0.0,0.0,7.0,4.571428571428571
2023-03-11,0.0,0.0,0.0,0.0,0.0,3.857142857142857
2023-03-12,0.0,0.0,0.0,0.0,0.0,3.857142857142857
2023-03-13,2.0,13.0,0.0,1.0,16.0,5.0
2023-03-14,0.0,0.0,0.0,6.0,6.0,5.428571428571429
2023-03-15,2.0,9.0,0.0,2.0,13.0,6.142857142857143
2023-03-16,0.0,0.0,0.0,5.0,5.0,6.714285714285714
2023-03-17,1.0,3.0,0.0,1.0,5.0,6.428571428571429
2023-03-18,0.0,0.0,0.0,0.0,0.0,6.428571428571429
2023-03-19,0.0,0.0,0.0,0.0,0.0,6.428571428571429
2023-03-20,0.0,4.0,0.0,0.0,4.0,4.714285714285714
2023-03-21,3.0,9.0,0.0,2.0,14.0,5.857142857142857
2023-03-22,0.0,2.0,0.0,5.0,7.0,5.0
2023-03-23,1.0,3.0,0.0,1.0,5.0,5.0
2023-03-24,0.0,5.0,0.0,2.0,7.0,5.285714285714286
2023-03-25,0.0,0.0,0.0,0.0,0.0,5.285714285714286
2023-03-26,0.0,0.0,0.0,0.0,0.0,5.285714285714286
2023-03-27,1.0,1.0,0.0,0.0,2.0,5.0
2023-03-28,0.0,6.0,0.0,1.0,7.0,4.0
2023-03-29,0.0,0.0,0.0,0.0,0.0,3.0
2023-03-30,1.0,6.0,0.0,1.0,8.0,3.4285714285714284
2023-03-31,1.0,5.0,0.0,0.0,6.0,3.2857142857142856
2023-04-01,0.0,0.0,0.0,0.0,0.0,3.2857142857142856
2023-04-02,0.0,0.0,0.0,0.0,0.0,3.2857142857142856
2023-04-03,1.0,3.0,0.0,1.0,5.0,3.7142857142857144
2023-04-04,3.0,0.0,0.0,0.0,3.0,3.142857142857143
2023-04-05,0.0,5.0,0.0,1.0,6.0,4.0
2023-04-06,0.0,2.0,0.0,0.0,2.0,3.142857142857143
2023-04-07,2.0,8.0,0.0,0.0,10.0,3.7142857142857144
2023-04-08,0.0,0.0,0.0,0.0,0.0,3.7142857142857144
2023-04-09,0.0,0.0,0.0,0.0,0.0,3.7142857142857144
2023-04-10,3.0,5.0,0.0,1.0,9.0,4.285714285714286
2023-04-11,2.0,1.0,0.0,0.0,3.0,4.285714285714286
2023-04-12,0.0,3.0,0.0,3.0,6.0,4.285714285714286
2023-04-13,3.0,28.0,0.0,0.0,31.0,8.428571428571429
2023-04-14,3.0,4.0,0.0,2.0,9.0,8.285714285714286
2023-04-15,0.0,0.0,0.0,0.0,0.0,8.285714285714286
2023-04-16,0.0,0.0,0.0,0.0,0.0,8.285714285714286
2023-04-17,0.0,6.0,0.0,3.0,9.0,8.285714285714286
2023-04-18,0.0,1.0,0.0,1.0,2.0,8.142857142857142
2023-04-19,0.0,6.0,0.0,2.0,8.0,8.428571428571429
2023-04-20,2.0,5.0,0.0,0.0,7.0,5.0
2023-04-21,0.0,0.0,0.0,0.0,0.0,3.7142857142857144
2023-04-22,0.0,0.0,0.0,0.0,0.0,3.7142857142857144
2023-04-23,0.0,0.0,0.0,0.0,0.0,3.7142857142857144
2023-04-24,1.0,21.0,0.0,1.0,23.0,5.714285714285714
2023-04-25,3.0,3.0,0.0,0.0,6.0,6.285714285714286
2023-04-26,0.0,3.0,0.0,0.0,3.0,5.571428571428571
2023-04-27,0.0,2.0,0.0,0.0,2.0,4.857142857142857
2023-04-28,0.0,9.0,0.0,0.0,9.0,6.142857142857143
2023-04-29,0.0,0.0,0.0,0.0,0.0,6.142857142857143
2023-04-30,0.0,0.0,0.0,0.0,0.0,6.142857142857143
2023-05-01,0.0,0.0,0.0,0.0,0.0,2.857142857142857
2023-05-02,1.0,9.0,0.0,0.0,10.0,3.4285714285714284
2023-05-03,1.0,4.0,0.0,0.0,5.0,3.7142857142857144
2023-05-04,0.0,1.0,0.0,0.0,1.0,3.5714285714285716
2023-05-05,1.0,4.0,0.0,1.0,6.0,3.142857142857143
2023-05-06,0.0,0.0,0.0,0.0,0.0,3.142857142857143
2023-05-07,0.0,0.0,0.0,0.0,0.0,3.142857142857143
2023-05-08,1.0,5.0,0.0,0.0,6.0,4.0
2023-05-09,1.0,12.0,0.0,0.0,13.0,4.428571428571429
2023-05-10,0.0,0.0,0.0,0.0,0.0,3.7142857142857144
2023-05-11,1.0,5.0,0.0,1.0,7.0,4.571428571428571
2023-05-12,0.0,36.0,0.0,0.0,36.0,8.857142857142858
2023-05-13,0.0,0.0,0.0,0.0,0.0,8.857142857142858
2023-05-14,0.0,0.0,0.0,0.0,0.0,8.857142857142858
2023-05-15,2.0,19.0,0.0,0.0,21.0,11.0
2023-05-16,2.0,11.0,0.0,0.0,13.0,11.0
2023-05-17,1.0,4.0,0.0,0.0,5.0,11.714285714285714
2023-05-18,1.0,3.0,0.0,2.0,6.0,11.571428571428571
2023-05-19,1.0,1.0,0.0,0.0,2.0,6.714285714285714
2023-05-20,0.0,0.0,0.0,0.0,0.0,6.714285714285714
2023-05-21,0.0,0.0,0.0,0.0,0.0,6.714285714285714
2023-05-22,0.0,6.0,0.0,0.0,6.0,4.571428571428571
2023-05-23,2.0,18.0,0.0,0.0,20.0,5.571428571428571
2023-05-24,0.0,0.0,0.0,0.0,0.0,4.857142857142857
2023-05-25,0.0,0.0,0.0,0.0,0.0,4.0
2023-05-26,0.0,29.0,0.0,0.0,29.0,7.857142857142857
2023-05-27,0.0,0.0,0.0,0.0,0.0,7.857142857142857
2023-05-28,0.0,0.0,0.0,0.0,0.0,7.857142857142857
2023-05-29,0.0,0.0,0.0,0.0,0.0,7.0
2023-05-30,0.0,7.0,0.0,0.0,7.0,5.142857142857143
2023-05-31,0.0,0.0,0.0,0.0,0.0,5.142857142857143
2023-06-01,0.0,7.0,0.0,0.0,7.0,6.142857142857143
2023-06-02,4.0,5.0,0.0,0.0,9.0,3.2857142857142856
2023-06-03,0.0,0.0,0.0,0.0,0.0,3.2857142857142856
2023-06-04,0.0,0.0,0.0,0.0,0.0,3.2857142857142856
2023-06-05,0.0,0.0,0.0,0.0,0.0,3.2857142857142856
2023-06-06,0.0,1.0,0.0,0.0,1.0,2.4285714285714284
2023-06-07,0.0,34.0,0.0,0.0,34.0,7.285714285714286
2023-06-08,0.0,0.0,0.0,0.0,0.0,6.285714285714286
2023-06-09,1.0,0.0,0.0,0.0,1.0,5.142857142857143
2023-06-10,0.0,0.0,0.0,0.0,0.0,5.142857142857143
2023-06-11,0.0,0.0,0.0,0.0,0.0,5.142857142857143
2023-06-12,1.0,0.0,0.0,0.0,1.0,5.285714285714286
2023-06-13,0.0,0.0,0.0,0.0,0.0,5.142857142857143
2023-06-14,0.0,0.0,0.0,0.0,0.0,0.2857142857142857
2023-06-15,0.0,0.0,0.0,0.0,0.0,0.2857142857142857
2023-06-16,0.0,2.0,0.0,0.0,2.0,0.42857142857142855
2023-06-17,0.0,0.0,0.0,0.0,0.0,0.42857142857142855
2023-06-18,0.0,0.0,0.0,0.0,0.0,0.42857142857142855
2023-06-19,0.0,0.0,0.0,0.0,0.0,0.2857142857142857
2023-06-20,0.0,0.0,0.0,0.0,0.0,0.2857142857142857
2023-06-21,0.0,0.0,0.0,0.0,0.0,0.2857142857142857
2023-06-22,0.0,0.0,0.0,0.0,0.0,0.2857142857142857
2023-06-23,0.0,9.0,0.0,0.0,9.0,1.2857142857142858
2023-06-24,0.0,0.0,0.0,0.0,0.0,1.2857142857142858
2023-06-25,0.0,0.0,0.0,0.0,0.0,1.2857142857142858
2023-06-26,0.0,0.0,0.0,0.0,0.0,1.2857142857142858
2023-06-27,0.0,17.0,0.0,0.0,17.0,3.7142857142857144
2023-06-28,0.0,0.0,0.0,0.0,0.0,3.7142857142857144
2023-06-29,0.0,15.0,0.0,0.0,15.0,5.857142857142857
2023-06-30,1.0,2.0,0.0,0.0,3.0,5.0
2023-07-01,0.0,0.0,0.0,0.0,0.0,5.0
2023-07-02,0.0,0.0,0.0,0.0,0.0,5.0
2023-07-03,0.0,0.0,0.0,0.0,0.0,5.0
2023-07-04,0.0,0.0,0.0,0.0,0.0,2.5714285714285716
2023-07-05,0.0,0.0,0.0,0.0,0.0,2.5714285714285716
2023-07-06,0.0,0.0,0.0,0.0,0.0,0.42857142857142855
2023-07-07,0.0,1.0,0.0,0.0,1.0,0.14285714285714285
2023-07-08,0.0,0.0,0.0,0.0,0.0,0.14285714285714285
2023-07-09,0.0,0.0,0.0,0.0,0.0,0.14285714285714285
2023-07-10,0.0,0.0,0.0,0.0,0.0,0.14285714285714285
2023-07-11,0.0,0.0,0.0,0.0,0.0,0.14285714285714285
2023-07-12,0.0,0.0,0.0,0.0,0.0,0.14285714285714285
2023-07-13,0.0,0.0,0.0,0.0,0.0,0.14285714285714285
2023-07-14,0.0,0.0,0.0,0.0,0.0,0.0
2023-07-15,0.0,0.0,0.0,0.0,0.0,0.0
2023-07-16,0.0,0.0,0.0,0.0,0.0,0.0
2023-07-17,1.0,0.0,0.0,0.0,1.0,0.14285714285714285
2023-07-18,0.0,3.0,0.0,0.0,3.0,0.5714285714285714
2023-07-19,0.0,0.0,0.0,0.0,0.0,0.5714285714285714
2023-07-20,0.0,0.0,0.0,0.0,0.0,0.5714285714285714
2023-07-21,0.0,1.0,0.0,0.0,1.0,0.7142857142857143
2023-07-22,0.0,0.0,0.0,0.0,0.0,0.7142857142857143
2023-07-23,0.0,0.0,0.0,0.0,0.0,0.7142857142857143
2023-07-24,0.0,0.0,0.0,0.0,0.0,0.5714285714285714
2023-07-25,0.0,1.0,0.0,1.0,2.0,0.42857142857142855
2023-07-26,0.0,0.0,0.0,0.0,0.0,0.42857142857142855
2023-07-27,0.0,0.0,0.0,0.0,0.0,0.42857142857142855
2023-07-28,0.0,0.0,0.0,1.0,1.0,0.42857142857142855
2023-07-29,0.0,0.0,0.0,0.0,0.0,0.42857142857142855
2023-07-30,0.0,0.0,0.0,0.0,0.0,0.42857142857142855
2023-07-31,0.0,3.0,0.0,0.0,3.0,0.8571428571428571
2023-08-01,0.0,0.0,0.0,0.0,0.0,0.5714285714285714
2023-08-02,0.0,0.0,0.0,0.0,0.0,0.5714285714285714
2023-08-03,0.0,0.0,0.0,1.0,1.0,0.7142857142857143
2023-08-04,1.0,1.0,0.0,0.0,2.0,0.8571428571428571
2023-08-05,0.0,0.0,0.0,0.0,0.0,0.8571428571428571
2023-08-06,0.0,0.0,0.0,0.0,0.0,0.8571428571428571
2023-08-07,0.0,0.0,0.0,0.0,0.0,0.42857142857142855
2023-08-08,0.0,0.0,0.0,0.0,0.0,0.42857142857142855
2023-08-09,0.0,0.0,0.0,0.0,0.0,0.42857142857142855
2023-08-10,0.0,0.0,0.0,0.0,0.0,0.2857142857142857
2023-08-11,0.0,0.0,0.0,0.0,0.0,0.0
2023-08-12,0.0,0.0,0.0,0.0,0.0,0.0
2023-08-13,0.0,0.0,0.0,0.0,0.0,0.0
2023-08-14,0.0,4.0,0.0,0.0,4.0,0.5714285714285714
2023-08-15,0.0,0.0,0.0,0.0,0.0,0.5714285714285714
2023-08-16,0.0,0.0,0.0,0.0,0.0,0.5714285714285714
2023-08-17,0.0,0.0,0.0,0.0,0.0,0.5714285714285714
2023-08-18,0.0,2.0,0.0,0.0,2.0,0.8571428571428571
2023-08-19,0.0,0.0,0.0,0.0,0.0,0.8571428571428571
2023-08-20,0.0,0.0,0.0,0.0,0.0,0.8571428571428571
2023-08-21,0.0,0.0,0.0,0.0,0.0,0.2857142857142857
2023-08-22,0.0,0.0,0.0,0.0,0.0,0.2857142857142857
2023-08-23,0.0,1.0,0.0,0.0,1.0,0.42857142857142855
2023-08-24,0.0,0.0,0.0,0.0,0.0,0.42857142857142855
2023-08-25,0.0,11.0,0.0,0.0,11.0,1.7142857142857142
2023-08-26,0.0,0.0,0.0,0.0,0.0,1.7142857142857142
2023-08-27,0.0,0.0,0.0,0.0,0.0,1.7142857142857142
2023-08-28,0.0,0.0,0.0,0.0,0.0,1.7142857142857142
2023-08-29,0.0,0.0,0.0,0.0,0.0,1.7142857142857142
2023-08-30,0.0,0.0,0.0,0.0,0.0,1.5714285714285714
2023-08-31,0.0,9.0,0.0,0.0,9.0,2.857142857142857
2023-09-01,0.0,0.0,0.0,0.0,0.0,1.2857142857142858
2023-09-02,0.0,0.0,0.0,0.0,0.0,1.2857142857142858
2023-09-03,0.0,0.0,0.0,0.0,0.0,1.2857142857142858
2023-09-04,0.0,0.0,0.0,0.0,0.0,1.2857142857142858
2023-09-05,3.0,0.0,0.0,0.0,3.0,1.7142857142857142
2023-09-06,0.0,5.0,0.0,0.0,5.0,2.4285714285714284
2023-09-07,0.0,0.0,0.0,0.0,0.0,1.1428571428571428
2023-09-08,0.0,0.0,0.0,0.0,0.0,1.1428571428571428
2023-09-09,0.0,0.0,0.0,0.0,0.0,1.1428571428571428
2023-09-10,0.0,0.0,0.0,0.0,0.0,1.1428571428571428
2023-09-11,0.0,0.0,0.0,0.0,0.0,1.1428571428571428
2023-09-12,0.0,0.0,0.0,0.0,0.0,0.7142857142857143
2023-09-13,0.0,0.0,0.0,0.0,0.0,0.0
2023-09-14,0.0,0.0,0.0,0.0,0.0,0.0
2023-09-15,1.0,18.0,0.0,1.0,20.0,2.857142857142857
2023-09-16,0.0,0.0,0.0,0.0,0.0,2.857142857142857
2023-09-17,0.0,0.0,0.0,0.0,0.0,2.857142857142857
2023-09-18,0.0,0.0,0.0,0.0,0.0,2.857142857142857
2023-09-19,1.0,0.0,0.0,0.0,1.0,3.0
2023-09-20,0.0,0.0,0.0,0.0,0.0,3.0
2023-09-21,0.0,0.0,0.0,0.0,0.0,3.0
2023-09-22,0.0,0.0,0.0,0.0,0.0,0.14285714285714285
2023-09-23,0.0,0.0,0.0,0.0,0.0,0.14285714285714285
2023-09-24,0.0,0.0,0.0,0.0,0.0,0.14285714285714285
2023-09-25,0.0,0.0,0.0,0.0,0.0,0.14285714285714285
2023-09-26,0.0,9.0,0.0,0.0,9.0,1.2857142857142858
2023-09-27,0.0,1.0,0.0,0.0,1.0,1.4285714285714286
2023-09-28,0.0,0.0,0.0,0.0,0.0,1.4285714285714286
2023-09-29,0.0,0.0,0.0,0.0,0.0,1.4285714285714286
2023-09-30,0.0,0.0,0.0,0.0,0.0,1.4285714285714286
2023-10-01,0.0,0.0,0.0,0.0,0.0,1.4285714285714286
2023-10-02,0.0,0.0,0.0,0.0,0.0,1.4285714285714286
2023-10-03,0.0,8.0,0.0,1.0,9.0,1.4285714285714286
2023-10-04,0.0,24.0,0.0,1.0,25.0,4.857142857142857
2023-10-05,0.0,0.0,0.0,0.0,0.0,4.857142857142857
2023-10-06,0.0,0.0,0.0,2.0,2.0,5.142857142857143
2023-10-07,0.0,0.0,0.0,0.0,0.0,5.142857142857143
2023-10-08,0.0,0.0,0.0,0.0,0.0,5.142857142857143
2023-10-09,0.0,0.0,0.0,0.0,0.0,5.142857142857143
2023-10-10,0.0,5.0,0.0,1.0,6.0,4.714285714285714
2023-10-11,0.0,0.0,0.0,1.0,1.0,1.2857142857142858
2023-10-12,0.0,45.0,0.0,2.0,47.0,8.0
2023-10-13,0.0,25.0,0.0,3.0,28.0,11.714285714285714
2023-10-14,0.0,0.0,0.0,0.0,0.0,11.714285714285714
2023-10-15,0.0,0.0,0.0,0.0,0.0,11.714285714285714
2023-10-16,0.0,15.0,0.0,1.0,16.0,14.0
2023-10-17,0.0,0.0,0.0,4.0,4.0,13.714285714285714
2023-10-18,0.0,0.0,0.0,2.0,2.0,13.857142857142858
2023-10-19,0.0,0.0,0.0,3.0,3.0,7.571428571428571
2023-10-20,0.0,20.0,0.0,1.0,21.0,6.571428571428571
2023-10-21,0.0,0.0,0.0,0.0,0.0,6.571428571428571
2023-10-22,0.0,0.0,0.0,0.0,0.0,6.571428571428571
2023-10-23,0.0,20.0,0.0,1.0,21.0,7.285714285714286
2023-10-24,0.0,13.0,0.0,4.0,17.0,9.142857142857142
2023-10-25,0.0,2.0,0.0,7.0,9.0,10.142857142857142
2023-10-26,0.0,31.0,0.0,1.0,32.0,14.285714285714286
2023-10-27,0.0,38.0,0.0,2.0,40.0,17.0
2023-10-28,0.0,0.0,0.0,2.0,2.0,17.285714285714285
2023-10-29,0.0,0.0,0.0,0.0,0.0,17.285714285714285
2023-10-30,0.0,0.0,0.0,0.0,0.0,14.285714285714286
2023-10-31,0.0,28.0,0.0,5.0,33.0,16.571428571428573
2023-11-01,0.0,37.0,0.0,1.0,38.0,20.714285714285715
2023-11-02,0.0,10.0,0.0,2.0,12.0,17.857142857142858
2023-11-03,0.0,18.0,0.0,4.0,22.0,15.285714285714286
2023-11-04,0.0,0.0,0.0,0.0,0.0,15.0
2023-11-05,0.0,0.0,0.0,0.0,0.0,15.0
2023-11-06,0.0,0.0,0.0,3.0,3.0,15.428571428571429
2023-11-07,0.0,0.0,0.0,1.0,1.0,10.857142857142858
2023-11-08,0.0,9.0,0.0,5.0,14.0,7.428571428571429
2023-11-09,0.0,11.0,0.0,6.0,17.0,8.142857142857142
2023-11-10,0.0,15.0,0.0,0.0,15.0,7.142857142857143
2023-11-11,0.0,0.0,0.0,0.0,0.0,7.142857142857143
2023-11-12,0.0,0.0,0.0,0.0,0.0,7.142857142857143
2023-11-13,0.0,36.0,0.0,3.0,39.0,12.285714285714286
2023-11-14,6.0,61.0,0.0,11.0,78.0,23.285714285714285
2023-11-15,0.0,0.0,0.0,4.0,4.0,21.857142857142858
2023-11-16,0.0,0.0,0.0,5.0,5.0,20.142857142857142
2023-11-17,0.0,122.0,0.0,1.0,123.0,35.57142857142857
2023-11-18,0.0,0.0,0.0,0.0,0.0,35.57142857142857
2023-11-19,0.0,0.0,0.0,0.0,0.0,35.57142857142857
2023-11-20,0.0,155.0,0.0,9.0,164.0,53.42857142857143
2023-11-21,0.0,53.0,0.0,12.0,65.0,51.57142857142857
2023-11-22,0.0,29.0,0.0,4.0,33.0,55.714285714285715
2023-11-23,0.0,0.0,0.0,0.0,0.0,55.0
2023-11-24,0.0,16.0,0.0,4.0,20.0,40.285714285714285
2023-11-25,0.0,0.0,0.0,0.0,0.0,40.285714285714285
2023-11-26,0.0,79.0,0.0,0.0,79.0,51.57142857142857
2023-11-27,0.0,0.0,0.0,2.0,2.0,28.428571428571427
2023-11-28,1.0,71.0,0.0,9.0,81.0,30.714285714285715
2023-11-29,0.0,0.0,0.0,7.0,7.0,27.0
2023-11-30,0.0,0.0,0.0,5.0,5.0,27.714285714285715
2023-12-01,0.0,1.0,0.0,4.0,5.0,25.571428571428573
2023-12-02,0.0,129.0,0.0,0.0,129.0,44.0
2023-12-03,0.0,0.0,0.0,0.0,0.0,32.714285714285715
2023-12-04,0.0,32.0,0.0,4.0,36.0,37.57142857142857
2023-12-05,0.0,3.0,0.0,6.0,9.0,27.285714285714285
2023-12-06,1.0,0.0,0.0,5.0,6.0,27.142857142857142
2023-12-07,0.0,0.0,0.0,7.0,7.0,27.428571428571427
2023-12-08,0.0,0.0,0.0,4.0,4.0,27.285714285714285
2023-12-09,0.0,0.0,0.0,0.0,0.0,8.857142857142858
2023-12-10,0.0,0.0,0.0,0.0,0.0,8.857142857142858
2023-12-11,0.0,5.0,0.0,1.0,6.0,4.571428571428571
2023-12-12,0.0,0.0,0.0,4.0,4.0,3.857142857142857
2023-12-13,1.0,37.0,0.0,6.0,44.0,9.285714285714286
2023-12-14,0.0,36.0,0.0,3.0,39.0,13.857142857142858
2023-12-15,1.0,23.0,0.0,2.0,26.0,17.0
2023-12-16,0.0,0.0,0.0,0.0,0.0,17.0
2023-12-17,0.0,23.0,0.0,0.0,23.0,20.285714285714285
2023-12-18,0.0,9.0,0.0,4.0,13.0,21.285714285714285
2023-12-19,0.0,110.0,0.0,7.0,117.0,37.42857142857143
2023-12-20,0.0,24.0,0.0,5.0,29.0,35.285714285714285
2023-12-21,0.0,0.0,0.0,2.0,2.0,30.0
2023-12-22,1.0,12.0,0.0,0.0,13.0,28.142857142857142
2023-12-23,0.0,0.0,0.0,0.0,0.0,28.142857142857142
2023-12-24,0.0,0.0,0.0,0.0,0.0,24.857142857142858
2023-12-25,0.0,0.0,0.0,0.0,0.0,23.0
2023-12-26,0.0,13.0,0.0,1.0,14.0,8.285714285714286
2023-12-27,0.0,1.0,0.0,5.0,6.0,5.0
2023-12-28,0.0,0.0,0.0,5.0,5.0,5.428571428571429
2023-12-29,0.0,0.0,0.0,2.0,2.0,3.857142857142857
2023-12-30,0.0,0.0,0.0,1.0,1.0,4.0
2023-12-31,0.0,0.0,0.0,0.0,0.0,4.0
2024-01-01,0.0,0.0,0.0,0.0,0.0,4.0
2024-01-02,0.0,0.0,0.0,0.0,0.0,2.0
2024-01-03,0.0,7.0,0.0,3.0,10.0,2.5714285714285716
2024-01-04,0.0,0.0,0.0,1.0,1.0,2.0
2024-01-05,0.0,20.0,0.0,1.0,21.0,4.714285714285714
2024-01-06,0.0,0.0,0.0,0.0,0.0,4.571428571428571
2024-01-07,0.0,0.0,0.0,0.0,0.0,4.571428571428571
2024-01-08,0.0,0.0,0.0,3.0,3.0,5.0
2024-01-09,0.0,0.0,0.0,0.0,0.0,5.0
2024-01-10,0.0,1.0,0.0,4.0,5.0,4.285714285714286
2024-01-11,0.0,0.0,0.0,1.0,1.0,4.285714285714286
2024-01-12,0.0,0.0,0.0,0.0,0.0,1.2857142857142858
2024-01-13,0.0,0.0,0.0,0.0,0.0,1.2857142857142858
2024-01-14,0.0,0.0,0.0,0.0,0.0,1.2857142857142858
2024-01-15,0.0,0.0,0.0,0.0,0.0,0.8571428571428571
2024-01-16,0.0,0.0,0.0,4.0,4.0,1.4285714285714286
2024-01-17,0.0,0.0,0.0,1.0,1.0,0.8571428571428571
2024-01-18,0.0,0.0,0.0,1.0,1.0,0.8571428571428571
2024-01-19,0.0,0.0,0.0,0.0,0.0,0.8571428571428571
2024-01-20,0.0,0.0,0.0,0.0,0.0,0.8571428571428571
2024-01-21,0.0,0.0,0.0,0.0,0.0,0.8571428571428571
2024-01-22,0.0,1.0,0.0,2.0,3.0,1.2857142857142858
2024-01-23,0.0,0.0,0.0,1.0,1.0,0.8571428571428571
2024-01-24,0.0,0.0,0.0,0.0,0.0,0.7142857142857143
2024-01-25,1.0,51.0,0.0,2.0,54.0,8.285714285714286
2024-01-26,0.0,0.0,0.0,1.0,1.0,8.428571428571429
2024-01-27,0.0,0.0,0.0,0.0,0.0,8.428571428571429
2024-01-28,0.0,0.0,0.0,0.0,0.0,8.428571428571429
2024-01-29,0.0,14.0,0.0,0.0,14.0,10.0
2024-01-30,0.0,25.0,0.0,0.0,25.0,13.428571428571429
2024-01-31,0.0,10.0,0.0,1.0,11.0,15.0
2024-02-01,0.0,5.0,0.0,0.0,5.0,8.0
2024-02-02,0.0,20.0,0.0,0.0,20.0,10.714285714285714
2024-02-03,0.0,0.0,0.0,0.0,0.0,10.714285714285714
2024-02-04,0.0,0.0,0.0,0.0,0.0,10.714285714285714
2024-02-05,0.0,2.0,0.0,0.0,2.0,9.0
2024-02-06,0.0,58.0,0.0,3.0,61.0,14.142857142857142
2024-02-07,0.0,0.0,0.0,0.0,0.0,12.571428571428571
2024-02-08,0.0,6.0,0.0,3.0,9.0,13.142857142857142
2024-02-09,0.0,31.0,0.0,1.0,32.0,14.857142857142858
2024-02-10,0.0,0.0,0.0,0.0,0.0,14.857142857142858
2024-02-11,0.0,0.0,0.0,0.0,0.0,14.857142857142858
2024-02-12,3.0,10.0,0.0,2.0,15.0,16.714285714285715
2024-02-13,0.0,26.0,0.0,0.0,26.0,11.714285714285714
2024-02-14,0.0,0.0,0.0,0.0,0.0,11.714285714285714
2024-02-15,0.0,38.0,0.0,0.0,38.0,15.857142857142858
2024-02-16,0.0,46.0,0.0,1.0,47.0,18.0
2024-02-17,0.0,0.0,0.0,0.0,0.0,18.0
2024-02-18,0.0,0.0,0.0,0.0,0.0,18.0
2024-02-19,0.0,0.0,0.0,0.0,0.0,15.857142857142858
2024-02-20,0.0,0.0,0.0,1.0,1.0,12.285714285714286
2024-02-21,0.0,69.0,0.0,4.0,73.0,22.714285714285715
2024-02-22,0.0,0.0,0.0,1.0,1.0,17.428571428571427
2024-02-23,0.0,2.0,0.0,3.0,5.0,11.428571428571429
2024-02-24,0.0,0.0,0.0,0.0,0.0,11.428571428571429
2024-02-25,0.0,0.0,0.0,0.0,0.0,11.428571428571429
2024-02-26,0.0,0.0,0.0,1.0,1.0,11.571428571428571
2024-02-27,1.0,0.0,0.0,2.0,3.0,11.857142857142858
2024-02-28,0.0,0.0,0.0,0.0,0.0,1.4285714285714286
2024-02-29,0.0,26.0,0.0,0.0,26.0,5.0
2024-03-01,1.0,50.0,0.0,0.0,51.0,11.571428571428571
2024-03-02,0.0,0.0,0.0,0.0,0.0,11.571428571428571
2024-03-03,0.0,0.0,0.0,0.0,0.0,11.571428571428571
2024-03-04,3.0,42.0,0.0,0.0,45.0,17.857142857142858
2024-03-05,0.0,0.0,0.0,0.0,0.0,17.428571428571427
2024-03-06,0.0,0.0,0.0,0.0,0.0,17.428571428571427
2024-03-07,0.0,0.0,0.0,1.0,1.0,13.857142857142858
2024-03-08,0.0,0.0,0.0,0.0,0.0,6.571428571428571
2024-03-09,0.0,0.0,0.0,0.0,0.0,6.571428571428571
2024-03-10,0.0,0.0,0.0,0.0,0.0,6.571428571428571
2024-03-11,0.0,0.0,0.0,2.0,2.0,0.42857142857142855
2024-03-12,0.0,0.0,0.0,1.0,1.0,0.5714285714285714
2024-03-13,1.0,0.0,0.0,0.0,1.0,0.7142857142857143
2024-03-14,0.0,11.0,0.0,1.0,12.0,2.2857142857142856
2024-03-15,0.0,3.0,0.0,0.0,3.0,2.7142857142857144
2024-03-16,0.0,0.0,0.0,0.0,0.0,2.7142857142857144
2024-03-17,0.0,0.0,0.0,0.0,0.0,2.7142857142857144
2024-03-18,0.0,46.0,0.0,1.0,47.0,9.142857142857142
2024-03-19,1.0,19.0,0.0,0.0,20.0,11.857142857142858
2024-03-20,0.0,5.0,0.0,1.0,6.0,12.571428571428571
2024-03-21,0.0,0.0,0.0,0.0,0.0,10.857142857142858
2024-03-22,0.0,0.0,0.0,0.0,0.0,10.428571428571429
2024-03-23,0.0,0.0,0.0,0.0,0.0,10.428571428571429
2024-03-24,0.0,0.0,0.0,0.0,0.0,10.428571428571429
2024-03-25,4.0,34.0,1.0,0.0,39.0,9.285714285714286
2024-03-26,0.0,0.0,3.0,0.0,3.0,6.857142857142857
2024-03-27,0.0,3.0,3.0,0.0,6.0,6.857142857142857
2024-03-28,0.0,1.0,0.0,1.0,2.0,7.142857142857143
2024-03-29,0.0,0.0,1.0,0.0,1.0,7.285714285714286
2024-03-30,0.0,0.0,2.0,0.0,2.0,7.571428571428571
2024-03-31,0.0,0.0,0.0,0.0,0.0,7.571428571428571
2024-04-01,2.0,0.0,3.0,0.0,5.0,2.7142857142857144
2024-04-02,0.0,0.0,2.0,2.0,4.0,2.857142857142857
2024-04-03,3.0,0.0,0.0,0.0,3.0,2.4285714285714284
2024-04-04,0.0,0.0,2.0,0.0,2.0,2.4285714285714284
2024-04-05,0.0,0.0,1.0,0.0,1.0,2.4285714285714284
2024-04-06,0.0,0.0,3.0,0.0,3.0,2.5714285714285716
2024-04-07,0.0,0.0,0.0,0.0,0.0,2.5714285714285716
2024-04-08,0.0,0.0,0.0,0.0,0.0,1.8571428571428572
2024-04-09,0.0,17.0,4.0,1.0,22.0,4.428571428571429
2024-04-10,0.0,16.0,2.0,1.0,19.0,6.714285714285714
2024-04-11,0.0,0.0,0.0,1.0,1.0,6.571428571428571
2024-04-12,1.0,0.0,2.0,1.0,4.0,7.0
2024-04-13,0.0,0.0,0.0,0.0,0.0,6.571428571428571
2024-04-14,0.0,0.0,0.0,0.0,0.0,6.571428571428571
2024-04-15,4.0,0.0,1.0,2.0,7.0,7.571428571428571
2024-04-16,0.0,1.0,0.0,1.0,2.0,4.714285714285714
2024-04-17,1.0,0.0,4.0,2.0,7.0,3.0
2024-04-18,0.0,0.0,0.0,0.0,0.0,2.857142857142857
2024-04-19,1.0,0.0,1.0,0.0,2.0,2.5714285714285716
2024-04-20,0.0,0.0,0.0,0.0,0.0,2.5714285714285716
2024-04-21,0.0,0.0,0.0,0.0,0.0,2.5714285714285716
2024-04-22,0.0,0.0,0.0,0.0,0.0,1.5714285714285714
2024-04-23,0.0,0.0,0.0,0.0,0.0,1.2857142857142858
2024-04-24,1.0,0.0,0.0,1.0,2.0,0.5714285714285714
2024-04-25,0.0,0.0,1.0,1.0,2.0,0.8571428571428571
2024-04-26,4.0,6.0,0.0,1.0,11.0,2.142857142857143
2024-04-27,0.0,0.0,0.0,0.0,0.0,2.142857142857143
2024-04-28,0.0,0.0,0.0,0.0,0.0,2.142857142857143
2024-04-29,0.0,0.0,0.0,0.0,0.0,2.142857142857143
2024-04-30,2.0,5.0,0.0,1.0,8.0,3.2857142857142856
2024-05-01,0.0,0.0,0.0,0.0,0.0,3.0
2024-05-02,1.0,3.0,0.0,2.0,6.0,3.5714285714285716
2024-05-03,6.0,0.0,0.0,0.0,6.0,2.857142857142857
2024-05-04,0.0,0.0,0.0,0.0,0.0,2.857142857142857
2024-05-05,0.0,0.0,0.0,0.0,0.0,2.857142857142857
2024-05-06,0.0,0.0,0.0,1.0,1.0,3.0
2024-05-07,3.0,2.0,1.0,0.0,6.0,2.7142857142857144
2024-05-08,1.0,1.0,5.0,0.0,7.0,3.7142857142857144
2024-05-09,0.0,1.0,1.0,1.0,3.0,3.2857142857142856
2024-05-10,0.0,0.0,1.0,3.0,4.0,3.0
2024-05-11,0.0,0.0,2.0,0.0,2.0,3.2857142857142856
2024-05-12,0.0,0.0,0.0,0.0,0.0,3.2857142857142856
2024-05-13,0.0,0.0,0.0,0.0,0.0,3.142857142857143
2024-05-14,0.0,1.0,3.0,0.0,4.0,2.857142857142857
2024-05-15,0.0,0.0,0.0,0.0,0.0,1.8571428571428572
2024-05-16,0.0,0.0,3.0,0.0,3.0,1.8571428571428572
2024-05-17,4.0,0.0,1.0,0.0,5.0,2.0
2024-05-18,0.0,0.0,0.0,0.0,0.0,1.7142857142857142
2024-05-19,0.0,0.0,0.0,0.0,0.0,1.7142857142857142
2024-05-20,0.0,0.0,2.0,1.0,3.0,2.142857142857143
2024-05-21,2.0,11.0,2.0,5.0,20.0,4.428571428571429
2024-05-22,0.0,0.0,6.0,0.0,6.0,5.285714285714286
2024-05-23,1.0,0.0,3.0,0.0,4.0,5.428571428571429
2024-05-24,10.0,2.0,1.0,0.0,13.0,6.571428571428571
2024-05-25,0.0,0.0,0.0,0.0,0.0,6.571428571428571
2024-05-26,0.0,0.0,0.0,0.0,0.0,6.571428571428571
2024-05-27,0.0,0.0,0.0,0.0,0.0,6.142857142857143
2024-05-28,1.0,0.0,2.0,1.0,4.0,3.857142857142857
2024-05-29,0.0,0.0,1.0,1.0,2.0,3.2857142857142856
2024-05-30,0.0,0.0,9.0,0.0,9.0,4.0
2024-05-31,62.0,22.0,3.0,2.0,89.0,14.857142857142858
2024-06-01,0.0,0.0,0.0,0.0,0.0,14.857142857142858
2024-06-02,0.0,0.0,0.0,0.0,0.0,14.857142857142858
2024-06-03,4.0,5.0,3.0,1.0,13.0,16.714285714285715
2024-06-04,1.0,95.0,1.0,0.0,97.0,30.0
2024-06-05,1.0,9.0,1.0,0.0,11.0,31.285714285714285
2024-06-06,1.0,1.0,3.0,0.0,5.0,30.714285714285715
2024-06-07,0.0,0.0,2.0,0.0,2.0,18.285714285714285
2024-06-08,0.0,0.0,0.0,0.0,0.0,18.285714285714285
2024-06-09,0.0,0.0,0.0,0.0,0.0,18.285714285714285
2024-06-10,0.0,0.0,5.0,1.0,6.0,17.285714285714285
2024-06-11,0.0,0.0,1.0,0.0,1.0,3.5714285714285716
2024-06-12,0.0,1.0,1.0,1.0,3.0,2.4285714285714284
2024-06-13,0.0,7.0,5.0,1.0,13.0,3.5714285714285716
2024-06-14,0.0,0.0,0.0,0.0,0.0,3.2857142857142856
2024-06-15,0.0,0.0,0.0,0.0,0.0,3.2857142857142856
2024-06-16,0.0,0.0,0.0,0.0,0.0,3.2857142857142856
2024-06-17,0.0,0.0,7.0,0.0,7.0,3.4285714285714284
2024-06-18,0.0,3.0,7.0,2.0,12.0,5.0
2024-06-19,0.0,0.0,0.0,0.0,0.0,4.571428571428571
2024-06-20,0.0,0.0,2.0,0.0,2.0,3.0
2024-06-21,2.0,5.0,7.0,1.0,15.0,5.142857142857143
2024-06-22,0.0,0.0,0.0,0.0,0.0,5.142857142857143
2024-06-23,0.0,0.0,0.0,0.0,0.0,5.142857142857143
2024-06-24,1.0,0.0,3.0,1.0,5.0,4.857142857142857
2024-06-25,0.0,0.0,3.0,0.0,3.0,3.5714285714285716
2024-06-26,0.0,0.0,0.0,1.0,1.0,3.7142857142857144
2024-06-27,2.0,0.0,0.0,3.0,5.0,4.142857142857143
2024-06-28,0.0,0.0,5.0,0.0,5.0,2.7142857142857144
2024-06-29,0.0,0.0,0.0,0.0,0.0,2.7142857142857144
2024-06-30,0.0,0.0,0.0,0.0,0.0,2.7142857142857144
2024-07-01,0.0,0.0,1.0,0.0,1.0,2.142857142857143
2024-07-02,0.0,0.0,1.0,0.0,1.0,1.8571428571428572
2024-07-03,0.0,2.0,0.0,0.0,2.0,2.0
2024-07-04,0.0,0.0,0.0,0.0,0.0,1.2857142857142858
2024-07-05,2.0,1.0,0.0,0.0,3.0,1.0
2024-07-06,0.0,0.0,0.0,0.0,0.0,1.0
2024-07-07,0.0,0.0,0.0,0.0,0.0,1.0
2024-07-08,1.0,3.0,5.0,1.0,10.0,2.2857142857142856
2024-07-09,0.0,0.0,1.0,3.0,4.0,2.7142857142857144
2024-07-10,1.0,0.0,6.0,0.0,7.0,3.4285714285714284
2024-07-11,0.0,1.0,5.0,1.0,7.0,4.428571428571429
2024-07-12,0.0,20.0,1.0,0.0,21.0,7.0
2024-07-13,0.0,0.0,0.0,0.0,0.0,7.0
2024-07-14,0.0,0.0,0.0,0.0,0.0,7.0
2024-07-15,0.0,0.0,3.0,0.0,3.0,6.0
2024-07-16,1.0,2.0,2.0,1.0,6.0,6.285714285714286
2024-07-17,0.0,0.0,0.0,0.0,0.0,5.285714285714286
2024-07-18,0.0,0.0,2.0,0.0,2.0,4.571428571428571
2024-07-19,0.0,2.0,3.0,4.0,9.0,2.857142857142857
2024-07-20,0.0,0.0,0.0,0.0,0.0,2.857142857142857
2024-07-21,0.0,0.0,0.0,0.0,0.0,2.857142857142857
2024-07-22,10.0,24.0,2.0,0.0,36.0,7.571428571428571
2024-07-23,17.0,31.0,2.0,0.0,50.0,13.857142857142858
2024-07-24,0.0,42.0,0.0,1.0,43.0,20.0
2024-07-25,0.0,20.0,0.0,0.0,20.0,22.571428571428573
2024-07-26,0.0,1.0,0.0,0.0,1.0,21.428571428571427
2024-07-27,0.0,0.0,0.0,0.0,0.0,21.428571428571427
2024-07-28,0.0,0.0,0.0,0.0,0.0,21.428571428571427
2024-07-29,1.0,0.0,1.0,0.0,2.0,16.571428571428573
2024-07-30,0.0,4.0,2.0,0.0,6.0,10.285714285714286
2024-07-31,0.0,27.0,3.0,0.0,30.0,8.428571428571429
2024-08-01,0.0,7.0,1.0,0.0,8.0,6.714285714285714
2024-08-02,0.0,1.0,0.0,0.0,1.0,6.714285714285714
2024-08-03,0.0,0.0,0.0,0.0,0.0,6.714285714285714
2024-08-04,0.0,0.0,0.0,0.0,0.0,6.714285714285714
2024-08-05,0.0,0.0,10.0,1.0,11.0,8.0
2024-08-06,0.0,0.0,1.0,0.0,1.0,7.285714285714286
2024-08-07,0.0,1.0,0.0,0.0,1.0,3.142857142857143
2024-08-08,0.0,1.0,0.0,0.0,1.0,2.142857142857143
2024-08-09,1.0,1.0,0.0,0.0,2.0,2.2857142857142856
2024-08-10,0.0,0.0,0.0,0.0,0.0,2.2857142857142856
2024-08-11,0.0,0.0,0.0,0.0,0.0,2.2857142857142856
2024-08-12,0.0,1.0,0.0,0.0,1.0,0.8571428571428571
2024-08-13,0.0,0.0,2.0,0.0,2.0,1.0
2024-08-14,0.0,6.0,0.0,0.0,6.0,1.7142857142857142
2024-08-15,0.0,0.0,0.0,0.0,0.0,1.5714285714285714
2024-08-16,0.0,0.0,0.0,0.0,0.0,1.2857142857142858
2024-08-17,0.0,0.0,0.0,0.0,0.0,1.2857142857142858
2024-08-18,0.0,0.0,0.0,0.0,0.0,1.2857142857142858
2024-08-19,0.0,0.0,0.0,0.0,0.0,1.1428571428571428
2024-08-20,5.0,3.0,0.0,1.0,9.0,2.142857142857143
2024-08-21,0.0,3.0,0.0,0.0,3.0,1.7142857142857142
2024-08-22,0.0,0.0,0.0,0.0,0.0,1.7142857142857142
2024-08-23,0.0,0.0,0.0,0.0,0.0,1.7142857142857142
2024-08-24,0.0,0.0,0.0,0.0,0.0,1.7142857142857142
2024-08-25,0.0,0.0,0.0,0.0,0.0,1.7142857142857142
2024-08-26,0.0,0.0,1.0,0.0,1.0,1.8571428571428572
2024-08-27,0.0,0.0,0.0,0.0,0.0,0.5714285714285714
2024-08-28,0.0,50.0,1.0,0.0,51.0,7.428571428571429
2024-08-29,0.0,48.0,0.0,0.0,48.0,14.285714285714286
2024-08-30,0.0,55.0,3.0,0.0,58.0,22.571428571428573
2024-08-31,0.0,0.0,0.0,0.0,0.0,22.571428571428573
2024-09-01,0.0,0.0,0.0,0.0,0.0,22.571428571428573
2024-09-02,0.0,0.0,0.0,0.0,0.0,22.428571428571427
2024-09-03,0.0,73.0,0.0,0.0,73.0,32.857142857142854
2024-09-04,0.0,29.0,0.0,0.0,29.0,29.714285714285715
2024-09-05,0.0,68.0,0.0,0.0,68.0,32.57142857142857
2024-09-06,0.0,60.0,0.0,0.0,60.0,32.857142857142854
2024-09-07,0.0,0.0,0.0,0.0,0.0,32.857142857142854
2024-09-08,0.0,0.0,0.0,0.0,0.0,32.857142857142854
2024-09-09,0.0,6.0,4.0,0.0,10.0,34.285714285714285
2024-09-10,0.0,9.0,2.0,0.0,11.0,25.428571428571427
2024-09-11,0.0,0.0,1.0,0.0,1.0,21.428571428571427
2024-09-12,0.0,18.0,2.0,0.0,20.0,14.571428571428571
2024-09-13,0.0,0.0,2.0,0.0,2.0,6.285714285714286
2024-09-14,0.0,0.0,0.0,0.0,0.0,6.285714285714286
2024-09-15,0.0,0.0,0.0,0.0,0.0,6.285714285714286
2024-09-16,0.0,9.0,0.0,0.0,9.0,6.142857142857143
2024-09-17,0.0,26.0,0.0,0.0,26.0,8.285714285714286
2024-09-18,0.0,8.0,6.0,2.0,16.0,10.428571428571429
2024-09-19,0.0,29.0,0.0,0.0,29.0,11.714285714285714
2024-09-20,0.0,44.0,18.0,0.0,62.0,20.285714285714285
2024-09-21,0.0,0.0,0.0,0.0,0.0,20.285714285714285
2024-09-22,0.0,0.0,0.0,0.0,0.0,20.285714285714285
2024-09-23,0.0,25.0,6.0,0.0,31.0,23.428571428571427
2024-09-24,0.0,4.0,1.0,0.0,5.0,20.428571428571427
2024-09-25,0.0,0.0,0.0,0.0,0.0,18.142857142857142
2024-09-26,0.0,9.0,0.0,0.0,9.0,15.285714285714286
2024-09-27,0.0,1.0,4.0,1.0,6.0,7.285714285714286
2024-09-28,0.0,0.0,0.0,0.0,0.0,7.285714285714286
2024-09-29,0.0,0.0,0.0,0.0,0.0,7.285714285714286
2024-09-30,0.0,34.0,1.0,0.0,35.0,7.857142857142857
2024-10-01,0.0,51.0,11.0,0.0,62.0,16.0
2024-10-02,0.0,0.0,1.0,0.0,1.0,16.142857142857142
2024-10-03,1.0,4.0,15.0,1.0,21.0,17.857142857142858
2024-10-04,0.0,2.0,12.0,0.0,14.0,19.0
2024-10-05,0.0,0.0,0.0,0.0,0.0,19.0
2024-10-06,0.0,0.0,0.0,0.0,0.0,19.0
2024-10-07,4.0,0.0,13.0,1.0,18.0,16.571428571428573
2024-10-08,0.0,4.0,3.0,0.0,7.0,8.714285714285714
2024-10-09,0.0,0.0,1.0,0.0,1.0,8.714285714285714
2024-10-10,0.0,4.0,5.0,0.0,9.0,7.0
2024-10-11,0.0,0.0,0.0,0.0,0.0,5.0
2024-10-12,0.0,0.0,0.0,0.0,0.0,5.0
2024-10-13,0.0,0.0,0.0,0.0,0.0,5.0
2024-10-14,0.0,0.0,0.0,0.0,0.0,2.4285714285714284
2024-10-15,0.0,0.0,18.0,2.0,20.0,4.285714285714286
2024-10-16,0.0,1.0,9.0,1.0,11.0,5.714285714285714
2024-10-17,0.0,0.0,2.0,1.0,3.0,4.857142857142857
2024-10-18,0.0,0.0,0.0,0.0,0.0,4.857142857142857
2024-10-19,0.0,0.0,0.0,0.0,0.0,4.857142857142857
2024-10-20,0.0,0.0,0.0,0.0,0.0,4.857142857142857
2024-10-21,0.0,8.0,2.0,0.0,10.0,6.285714285714286
2024-10-22,0.0,0.0,4.0,0.0,4.0,4.0
2024-10-23,0.0,0.0,0.0,1.0,1.0,2.5714285714285716
2024-10-24,0.0,0.0,24.0,1.0,25.0,5.714285714285714
2024-10-25,0.0,0.0,26.0,2.0,28.0,9.714285714285714
2024-10-26,0.0,0.0,0.0,0.0,0.0,9.714285714285714
2024-10-27,0.0,0.0,0.0,0.0,0.0,9.714285714285714
2024-10-28,0.0,1.0,6.0,0.0,7.0,9.285714285714286
2024-10-29,0.0,0.0,9.0,3.0,12.0,10.428571428571429
2024-10-30,0.0,15.0,1.0,3.0,19.0,13.0
2024-10-31,0.0,17.0,31.0,0.0,48.0,16.285714285714285
2024-11-01,0.0,0.0,9.0,4.0,13.0,14.142857142857142
2024-11-02,0.0,0.0,0.0,2.0,2.0,14.428571428571429
2024-11-03,0.0,0.0,0.0,0.0,0.0,14.428571428571429
2024-11-04,0.0,13.0,1.0,0.0,14.0,15.428571428571429
2024-11-05,0.0,11.0,2.0,0.0,13.0,15.571428571428571
2024-11-06,0.0,52.0,29.0,0.0,81.0,24.428571428571427
2024-11-07,0.0,2.0,0.0,1.0,3.0,18.0
2024-11-08,0.0,8.0,17.0,0.0,25.0,19.714285714285715
2024-11-09,0.0,0.0,0.0,0.0,0.0,19.428571428571427
2024-11-10,0.0,0.0,0.0,0.0,0.0,19.428571428571427
2024-11-11,0.0,0.0,0.0,0.0,0.0,17.428571428571427
2024-11-12,0.0,6.0,13.0,6.0,25.0,19.142857142857142
2024-11-13,0.0,9.0,3.0,2.0,14.0,9.571428571428571
2024-11-14,0.0,19.0,33.0,10.0,62.0,18.0
2024-11-15,0.0,16.0,8.0,3.0,27.0,18.285714285714285
2024-11-16,0.0,0.0,0.0,0.0,0.0,18.285714285714285
2024-11-17,0.0,0.0,0.0,0.0,0.0,18.285714285714285
2024-11-18,0.0,3.0,48.0,3.0,54.0,26.0
2024-11-19,0.0,7.0,14.0,5.0,26.0,26.142857142857142
2024-11-20,0.0,1.0,6.0,3.0,10.0,25.571428571428573
2024-11-21,0.0,84.0,10.0,7.0,101.0,31.142857142857142
2024-11-22,0.0,11.0,23.0,2.0,36.0,32.42857142857143
2024-11-23,0.0,0.0,0.0,0.0,0.0,32.42857142857143
2024-11-24,0.0,0.0,0.0,0.0,0.0,32.42857142857143
2024-11-25,0.0,19.0,25.0,1.0,45.0,31.142857142857142
2024-11-26,0.0,25.0,0.0,1.0,26.0,31.142857142857142
2024-11-27,0.0,11.0,13.0,6.0,30.0,34.0
2024-11-28,0.0,0.0,0.0,0.0,0.0,19.571428571428573
2024-11-29,0.0,11.0,0.0,6.0,17.0,16.857142857142858
2024-11-30,0.0,0.0,0.0,0.0,0.0,16.857142857142858
2024-12-01,0.0,0.0,0.0,0.0,0.0,16.857142857142858
2024-12-02,1.0,78.0,6.0,1.0,86.0,22.714285714285715
2024-12-03,1.0,6.0,23.0,6.0,36.0,24.142857142857142
2024-12-04,2.0,49.0,1.0,6.0,58.0,28.142857142857142
2024-12-05,1.0,26.0,1.0,4.0,32.0,32.714285714285715
2024-12-06,3.0,4.0,15.0,5.0,27.0,34.142857142857146
2024-12-07,0.0,0.0,0.0,0.0,0.0,34.142857142857146
2024-12-08,0.0,0.0,0.0,0.0,0.0,34.142857142857146
2024-12-09,0.0,0.0,37.0,4.0,41.0,27.714285714285715
2024-12-10,3.0,69.0,67.0,11.0,150.0,44.0
2024-12-11,1.0,42.0,5.0,5.0,53.0,43.285714285714285
2024-12-12,1.0,5.0,6.0,4.0,16.0,41.0
2024-12-13,2.0,127.0,9.0,3.0,141.0,57.285714285714285
2024-12-14,0.0,0.0,1.0,4.0,5.0,58.0
2024-12-15,0.0,0.0,0.0,0.0,0.0,58.0
2024-12-16,13.0,71.0,7.0,3.0,94.0,65.57142857142857
2024-12-17,1.0,72.0,1.0,11.0,85.0,56.285714285714285
2024-12-18,3.0,14.0,13.0,5.0,35.0,53.714285714285715
2024-12-19,2.0,105.0,1.0,10.0,118.0,68.28571428571429
2024-12-20,0.0,59.0,0.0,6.0,65.0,57.42857142857143
2024-12-21,0.0,0.0,0.0,0.0,0.0,56.714285714285715
2024-12-22,0.0,0.0,0.0,0.0,0.0,56.714285714285715
2024-12-23,5.0,1.0,16.0,3.0,25.0,46.857142857142854
2024-12-24,1.0,0.0,4.0,8.0,13.0,36.57142857142857
2024-12-25,0.0,0.0,0.0,0.0,0.0,31.571428571428573
2024-12-26,3.0,22.0,9.0,1.0,35.0,19.714285714285715
2024-12-27,1.0,1.0,3.0,10.0,15.0,12.571428571428571
2024-12-28,0.0,0.0,0.0,0.0,0.0,12.571428571428571
2024-12-29,0.0,0.0,0.0,0.0,0.0,12.571428571428571
2024-12-30,3.0,0.0,1.0,5.0,9.0,10.285714285714286
2024-12-31,3.0,1.0,2.0,7.0,13.0,10.285714285714286
2025-01-01,0.0,0.0,0.0,0.0,0.0,10.285714285714286
2025-01-02,3.0,40.0,0.0,1.0,44.0,11.571428571428571
2025-01-03,7.0,8.0,4.0,8.0,27.0,13.285714285714286
2025-01-04,0.0,0.0,0.0,3.0,3.0,13.714285714285714
2025-01-05,0.0,0.0,0.0,0.0,0.0,13.714285714285714
2025-01-06,1.0,10.0,0.0,1.0,12.0,14.142857142857142
2025-01-07,0.0,0.0,3.0,5.0,8.0,13.428571428571429
2025-01-08,0.0,8.0,1.0,2.0,11.0,15.0
2025-01-09,0.0,0.0,0.0,8.0,8.0,9.857142857142858
2025-01-10,5.0,14.0,1.0,1.0,21.0,9.0
2025-01-11,0.0,0.0,0.0,0.0,0.0,8.571428571428571
2025-01-12,0.0,0.0,1.0,0.0,1.0,8.714285714285714
2025-01-13,4.0,52.0,2.0,2.0,60.0,15.571428571428571
2025-01-14,3.0,0.0,6.0,6.0,15.0,16.571428571428573
2025-01-15,2.0,1.0,0.0,6.0,9.0,16.285714285714285
2025-01-16,0.0,37.0,0.0,7.0,44.0,21.428571428571427
2025-01-17,1.0,1.0,1.0,5.0,8.0,19.571428571428573
2025-01-18,0.0,0.0,0.0,0.0,0.0,19.571428571428573
2025-01-19,0.0,0.0,0.0,0.0,0.0,19.428571428571427
2025-01-20,0.0,0.0,0.0,0.0,0.0,10.857142857142858
2025-01-21,1.0,1.0,3.0,5.0,10.0,10.142857142857142
2025-01-22,0.0,17.0,5.0,7.0,29.0,13.0
2025-01-23,4.0,15.0,3.0,6.0,28.0,10.714285714285714
2025-01-24,3.0,23.0,2.0,17.0,45.0,16.0
2025-01-25,0.0,0.0,0.0,0.0,0.0,16.0
2025-01-26,0.0,0.0,0.0,0.0,0.0,16.0
2025-01-27,0.0,21.0,2.0,9.0,32.0,20.571428571428573
2025-01-28,0.0,1.0,2.0,7.0,10.0,20.571428571428573
2025-01-29,0.0,0.0,0.0,8.0,8.0,17.571428571428573
2025-01-30,0.0,37.0,0.0,12.0,49.0,20.571428571428573
2025-01-31,1.0,9.0,6.0,7.0,23.0,17.428571428571427
2025-02-01,0.0,0.0,0.0,0.0,0.0,17.428571428571427
2025-02-02,0.0,0.0,0.0,0.0,0.0,17.428571428571427
2025-02-03,0.0,11.0,2.0,2.0,15.0,15.0
2025-02-04,0.0,26.0,0.0,16.0,42.0,19.571428571428573
2025-02-05,1.0,1.0,0.0,9.0,11.0,20.0
2025-02-06,0.0,21.0,2.0,12.0,35.0,18.0
2025-02-07,0.0,0.0,0.0,6.0,6.0,15.571428571428571
2025-02-08,0.0,0.0,0.0,0.0,0.0,15.571428571428571
2025-02-09,0.0,0.0,0.0,0.0,0.0,15.571428571428571
2025-02-10,2.0,13.0,5.0,3.0,23.0,16.714285714285715
